Team,Franchise,W,ORtg,DRtg,NRtg,SRS,Pace,Offense Four Factors_eFG%,Offense Four Factors_ORB%,Offense Four Factors_TOV%,Defense Four Factors_DRB%,Defense Four Factors_TOV%,Season
San Antonio Spurs,San Antonio Spurs,63.0,107.3,99.6,7.7,6.69,88.5,0.513,26.0,13.6,74.2,13.5,2006
Detroit Pistons,Detroit Pistons,64.0,110.8,103.1,7.7,6.24,86.8,0.497,28.9,11.2,71.2,13.7,2006
Dallas Mavericks,Dallas Mavericks,60.0,111.8,105.0,6.8,5.96,87.8,0.495,31.8,13.1,72.2,13.7,2006
Phoenix Suns,Phoenix Suns,54.0,111.5,105.8,5.7,5.48,95.8,0.537,22.1,12.2,72.1,13.2,2006
Memphis Grizzlies,Memphis Grizzlies,49.0,105.9,101.6,4.3,3.74,86.3,0.496,25.8,13.9,72.0,14.7,2006
Miami Heat,Miami Heat,52.0,108.7,104.5,4.2,3.59,91.6,0.517,26.7,13.9,76.4,12.4,2006
Los Angeles Lakers,Los Angeles Lakers,45.0,108.4,105.7,2.7,2.53,90.9,0.495,28.8,13.1,73.6,13.4,2006
Cleveland Cavaliers,Cleveland Cavaliers,50.0,107.8,105.4,2.4,2.17,89.8,0.492,28.4,13.3,75.7,12.8,2006
Indiana Pacers,Indiana Pacers,41.0,104.5,102.4,2.1,1.62,89.7,0.487,27.1,14.8,72.6,13.0,2006
Washington Wizards,Washington Wizards,42.0,109.3,107.3,2.0,1.57,92.3,0.484,29.5,12.8,70.9,15.1,2006
Sacramento Kings,Sacramento Kings,44.0,106.7,105.0,1.7,1.61,91.9,0.492,25.4,13.9,72.2,13.7,2006
Los Angeles Clippers,Los Angeles Clippers,47.0,105.3,103.6,1.7,1.75,91.7,0.487,25.4,13.8,75.9,12.2,2006
New Jersey Nets,Brooklyn Nets,49.0,103.9,102.4,1.5,1.11,89.8,0.478,24.0,13.3,76.3,14.0,2006
Chicago Bulls,Chicago Bulls,41.0,104.0,103.4,0.6,0.51,92.9,0.487,26.3,13.9,74.7,13.9,2006
Denver Nuggets,Denver Nuggets,44.0,105.5,105.2,0.3,0.36,93.9,0.488,26.8,13.7,72.0,14.7,2006
Milwaukee Bucks,Milwaukee Bucks,40.0,106.3,107.4,-1.1,-1.07,91.2,0.492,27.3,13.8,74.6,13.8,2006
Orlando Magic,Orlando Magic,36.0,106.3,107.5,-1.2,-1.26,88.3,0.496,28.5,14.7,72.5,13.0,2006
Golden State Warriors,Golden State Warriors,34.0,104.8,106.2,-1.4,-1.11,93.3,0.479,26.9,13.0,71.6,14.1,2006
Houston Rockets,Houston Rockets,34.0,101.6,103.3,-1.7,-1.3,88.0,0.471,25.5,14.3,74.6,13.1,2006
Boston Celtics,Boston Celtics,33.0,105.2,106.9,-1.7,-1.59,92.2,0.504,25.5,15.7,72.8,13.8,2006
Minnesota Timberwolves,Minnesota Timberwolves,33.0,102.4,104.5,-2.1,-1.75,88.8,0.48,25.2,14.2,71.3,13.4,2006
Philadelphia 76ers,Philadelphia 76ers,38.0,106.0,108.1,-2.1,-2.1,92.7,0.487,25.6,13.3,71.3,14.3,2006
Utah Jazz,Utah Jazz,41.0,104.1,107.0,-2.9,-2.49,87.8,0.467,32.4,15.0,73.2,14.0,2006
New Orleans/Oklahoma City Hornets,New Orleans Pelicans,38.0,103.7,106.8,-3.1,-2.51,89.0,0.464,26.9,12.9,73.4,14.3,2006
Toronto Raptors,Toronto Raptors,27.0,109.5,112.7,-3.2,-3.03,91.1,0.5,25.4,12.4,73.3,13.5,2006
Seattle SuperSonics,Oklahoma City Thunder,35.0,111.1,114.4,-3.3,-2.88,91.6,0.504,30.4,13.7,69.0,13.6,2006
Charlotte Bobcats,Charlotte Hornets,26.0,102.5,106.7,-4.2,-3.9,93.4,0.464,27.1,13.0,70.7,16.5,2006
Atlanta Hawks,Atlanta Hawks,26.0,106.4,111.6,-5.2,-4.69,90.4,0.486,31.4,14.7,69.5,14.1,2006
New York Knicks,New York Knicks,23.0,104.0,111.0,-7.0,-6.3,90.8,0.481,31.2,16.5,72.8,13.4,2006
Portland Trail Blazers,Portland Trail Blazers,21.0,101.1,111.9,-10.8,-8.91,87.6,0.474,26.6,14.5,68.2,12.6,2006
San Antonio Spurs,San Antonio Spurs,58.0,109.2,99.9,9.3,8.35,89.8,0.521,24.2,13.6,75.7,14.0,2007
Dallas Mavericks,Dallas Mavericks,67.0,111.3,103.2,8.1,7.28,89.5,0.509,28.7,13.4,75.0,14.2,2007
Phoenix Suns,Phoenix Suns,61.0,113.9,106.4,7.5,7.28,95.6,0.551,22.7,13.4,71.9,13.6,2007
Chicago Bulls,Chicago Bulls,49.0,104.9,99.6,5.3,4.52,93.6,0.493,28.6,14.7,74.3,16.2,2007
Houston Rockets,Houston Rockets,52.0,106.0,100.7,5.3,5.04,90.7,0.499,25.7,13.6,77.0,13.6,2007
Detroit Pistons,Detroit Pistons,53.0,108.9,104.2,4.7,3.69,87.3,0.488,28.3,12.0,70.9,14.3,2007
Cleveland Cavaliers,Cleveland Cavaliers,50.0,105.5,101.3,4.2,3.33,90.8,0.484,29.7,13.4,75.8,14.7,2007
Utah Jazz,Utah Jazz,51.0,110.1,107.0,3.1,3.06,91.6,0.502,31.7,14.5,75.1,14.4,2007
Denver Nuggets,Denver Nuggets,45.0,107.6,105.9,1.7,1.69,97.4,0.501,28.9,14.6,71.8,14.5,2007
Toronto Raptors,Toronto Raptors,47.0,107.0,106.0,1.0,0.61,92.6,0.504,22.2,13.0,74.5,14.3,2007
Orlando Magic,Orlando Magic,40.0,104.9,104.1,0.8,0.35,89.9,0.5,29.3,16.3,73.7,14.6,2007
Los Angeles Lakers,Los Angeles Lakers,42.0,108.6,108.6,0.0,0.24,93.5,0.511,26.1,14.3,72.3,13.5,2007
Golden State Warriors,Golden State Warriors,42.0,107.0,107.4,-0.4,0.0,99.2,0.512,25.6,14.1,69.6,16.1,2007
Washington Wizards,Washington Wizards,41.0,110.1,110.6,-0.5,-0.8,94.1,0.491,28.1,12.6,71.0,14.4,2007
Los Angeles Clippers,Los Angeles Clippers,40.0,105.1,105.6,-0.5,-0.07,90.8,0.481,27.2,14.5,74.7,13.3,2007
New Jersey Nets,Brooklyn Nets,41.0,105.7,106.6,-0.9,-1.0,91.4,0.504,24.6,14.2,74.4,13.7,2007
Miami Heat,Miami Heat,44.0,104.3,105.3,-1.0,-1.21,89.9,0.506,24.9,14.3,73.3,13.8,2007
New Orleans/Oklahoma City Hornets,New Orleans Pelicans,39.0,104.8,106.5,-1.7,-1.19,90.2,0.479,29.1,13.6,74.7,13.2,2007
Sacramento Kings,Sacramento Kings,33.0,106.2,108.0,-1.8,-1.35,94.8,0.491,23.1,13.5,72.5,14.9,2007
Indiana Pacers,Indiana Pacers,35.0,102.9,105.5,-2.6,-2.62,92.4,0.474,28.4,15.1,72.7,14.8,2007
Seattle SuperSonics,Oklahoma City Thunder,31.0,107.2,110.3,-3.1,-2.45,91.8,0.499,27.8,14.5,70.9,14.1,2007
New York Knicks,New York Knicks,33.0,105.7,108.8,-3.1,-3.06,90.8,0.494,31.0,15.9,74.0,13.0,2007
Philadelphia 76ers,Philadelphia 76ers,35.0,103.6,106.9,-3.3,-3.26,90.7,0.48,27.2,14.6,70.8,14.7,2007
Boston Celtics,Boston Celtics,24.0,103.2,106.9,-3.7,-3.7,92.0,0.479,27.0,15.4,73.8,14.5,2007
Minnesota Timberwolves,Minnesota Timberwolves,32.0,103.9,107.9,-4.0,-3.16,91.0,0.49,25.1,14.8,72.1,13.3,2007
Charlotte Bobcats,Charlotte Hornets,33.0,103.6,107.6,-4.0,-3.97,92.0,0.48,26.4,13.9,71.6,14.7,2007
Milwaukee Bucks,Milwaukee Bucks,28.0,107.0,111.7,-4.7,-4.43,92.3,0.504,27.6,14.1,68.1,14.5,2007
Portland Trail Blazers,Portland Trail Blazers,32.0,105.1,109.9,-4.8,-3.78,88.3,0.483,28.2,14.5,73.0,13.5,2007
Atlanta Hawks,Atlanta Hawks,30.0,103.0,108.3,-5.3,-4.86,90.0,0.471,29.2,15.1,70.9,14.5,2007
Memphis Grizzlies,Memphis Grizzlies,22.0,106.9,112.3,-5.4,-4.44,93.6,0.504,25.9,15.2,71.1,14.0,2007
Boston Celtics,Boston Celtics,66.0,110.2,98.9,11.3,9.3,90.9,0.522,26.6,14.7,74.4,15.2,2008
Detroit Pistons,Detroit Pistons,59.0,111.4,102.9,8.5,6.67,87.3,0.495,29.4,11.4,73.7,13.4,2008
Los Angeles Lakers,Los Angeles Lakers,57.0,113.0,105.5,7.5,7.34,95.6,0.525,26.3,12.9,73.4,12.9,2008
Utah Jazz,Utah Jazz,54.0,113.8,106.5,7.3,6.86,93.2,0.528,29.5,13.6,74.1,15.0,2008
Orlando Magic,Orlando Magic,52.0,111.3,105.5,5.8,4.79,93.4,0.537,23.4,13.6,74.8,12.3,2008
New Orleans Hornets,New Orleans Pelicans,56.0,111.5,105.7,5.8,5.46,89.9,0.512,27.0,11.4,75.4,13.5,2008
San Antonio Spurs,San Antonio Spurs,56.0,107.2,101.8,5.4,5.1,88.8,0.504,23.4,12.6,77.1,12.8,2008
Houston Rockets,Houston Rockets,55.0,106.8,101.6,5.2,4.83,90.4,0.492,29.1,13.0,74.8,12.8,2008
Phoenix Suns,Phoenix Suns,55.0,113.3,108.1,5.2,5.14,96.7,0.551,22.4,13.4,70.9,11.8,2008
Dallas Mavericks,Dallas Mavericks,51.0,111.1,106.1,5.0,4.7,90.2,0.502,26.7,12.3,75.0,11.7,2008
Denver Nuggets,Denver Nuggets,50.0,110.0,106.3,3.7,3.74,99.7,0.51,25.5,12.9,72.1,14.1,2008
Toronto Raptors,Toronto Raptors,41.0,110.2,107.0,3.2,2.47,90.2,0.511,23.4,11.4,75.0,13.5,2008
Golden State Warriors,Golden State Warriors,48.0,111.8,109.5,2.3,2.38,98.8,0.511,27.2,11.5,70.3,14.7,2008
Philadelphia 76ers,Philadelphia 76ers,40.0,106.4,106.0,0.4,0.19,90.4,0.482,31.8,13.4,72.0,15.1,2008
Washington Wizards,Washington Wizards,43.0,109.2,109.6,-0.4,-0.61,89.5,0.489,28.9,12.5,72.8,13.5,2008
Cleveland Cavaliers,Cleveland Cavaliers,45.0,106.0,106.4,-0.4,-0.53,90.2,0.48,30.4,13.1,75.9,12.9,2008
Portland Trail Blazers,Portland Trail Blazers,41.0,107.3,108.4,-1.1,-0.52,87.9,0.489,26.8,12.6,71.8,12.1,2008
Indiana Pacers,Indiana Pacers,36.0,106.0,107.5,-1.5,-1.87,97.7,0.498,24.4,13.5,73.9,14.1,2008
Atlanta Hawks,Atlanta Hawks,37.0,106.9,108.9,-2.0,-2.23,91.1,0.483,29.7,14.0,71.7,12.9,2008
Sacramento Kings,Sacramento Kings,38.0,107.5,109.9,-2.4,-1.86,94.7,0.503,25.2,14.8,71.7,13.9,2008
Chicago Bulls,Chicago Bulls,33.0,103.9,107.2,-3.3,-3.19,93.0,0.47,28.9,13.4,73.1,14.2,2008
Charlotte Bobcats,Charlotte Hornets,32.0,104.6,109.4,-4.8,-4.49,91.8,0.492,25.6,13.9,71.0,13.4,2008
New Jersey Nets,Brooklyn Nets,34.0,104.0,109.4,-5.4,-5.15,91.5,0.481,26.6,14.2,73.8,12.7,2008
Memphis Grizzlies,Memphis Grizzlies,22.0,105.0,111.4,-6.4,-5.76,95.3,0.5,23.8,14.0,73.4,12.2,2008
New York Knicks,New York Knicks,23.0,104.7,111.9,-7.2,-6.55,91.6,0.475,28.6,13.4,72.7,12.1,2008
Minnesota Timberwolves,Minnesota Timberwolves,22.0,103.8,111.2,-7.4,-6.26,91.9,0.484,27.5,13.6,73.6,12.9,2008
Milwaukee Bucks,Milwaukee Bucks,26.0,105.3,112.8,-7.5,-6.92,91.3,0.482,30.0,13.7,73.0,13.0,2008
Los Angeles Clippers,Los Angeles Clippers,23.0,101.2,109.1,-7.9,-6.56,92.1,0.465,23.1,13.7,73.1,12.8,2008
Seattle SuperSonics,Oklahoma City Thunder,20.0,100.5,109.5,-9.0,-8.04,96.3,0.467,26.8,14.3,73.7,11.9,2008
Miami Heat,Miami Heat,15.0,100.5,110.0,-9.5,-8.53,90.2,0.482,22.1,14.4,71.9,13.6,2008
Cleveland Cavaliers,Cleveland Cavaliers,66.0,112.4,102.4,10.0,8.68,88.7,0.519,27.7,12.5,74.6,13.5,2009
Boston Celtics,Boston Celtics,62.0,110.5,102.3,8.2,7.44,90.4,0.528,27.9,15.0,75.6,14.0,2009
Los Angeles Lakers,Los Angeles Lakers,65.0,112.8,104.7,8.1,7.11,94.3,0.513,29.4,12.3,73.0,14.2,2009
Orlando Magic,Orlando Magic,59.0,109.2,101.9,7.3,6.48,92.3,0.52,24.0,13.4,75.9,12.3,2009
Portland Trail Blazers,Portland Trail Blazers,54.0,113.9,107.8,6.1,5.0,86.6,0.511,32.6,12.5,75.0,13.2,2009
Houston Rockets,Houston Rockets,53.0,108.4,104.0,4.4,3.73,90.2,0.501,26.4,13.6,75.3,11.9,2009
San Antonio Spurs,San Antonio Spurs,54.0,108.5,104.3,4.2,3.36,88.4,0.513,22.1,11.7,78.0,11.7,2009
Denver Nuggets,Denver Nuggets,54.0,110.4,106.8,3.6,3.13,94.3,0.512,27.5,14.2,71.7,14.1,2009
Utah Jazz,Utah Jazz,48.0,110.1,107.3,2.8,2.31,93.1,0.504,28.2,13.6,72.7,15.0,2009
Dallas Mavericks,Dallas Mavericks,50.0,110.5,108.4,2.1,1.68,91.5,0.504,26.6,12.1,74.6,12.3,2009
Phoenix Suns,Phoenix Suns,46.0,113.6,111.6,2.0,1.62,96.0,0.545,27.7,14.4,71.7,12.8,2009
Atlanta Hawks,Atlanta Hawks,47.0,109.3,107.6,1.7,1.7,89.6,0.504,26.0,12.5,71.6,13.2,2009
New Orleans Hornets,New Orleans Pelicans,49.0,108.7,107.0,1.7,1.41,87.8,0.501,24.6,12.5,74.9,13.2,2009
Miami Heat,Miami Heat,43.0,107.8,107.6,0.2,0.49,89.9,0.5,24.6,12.1,72.9,14.5,2009
Philadelphia 76ers,Philadelphia 76ers,41.0,107.9,107.8,0.1,0.16,90.0,0.485,31.3,13.4,71.4,14.9,2009
Chicago Bulls,Chicago Bulls,41.0,108.4,108.7,-0.3,-0.16,93.1,0.493,28.0,13.3,70.9,13.1,2009
Detroit Pistons,Detroit Pistons,39.0,107.4,108.0,-0.6,-0.36,86.7,0.483,27.9,11.7,74.0,11.7,2009
Indiana Pacers,Indiana Pacers,36.0,108.1,109.2,-1.1,-0.76,96.5,0.501,25.4,13.1,74.5,12.7,2009
Milwaukee Bucks,Milwaukee Bucks,34.0,106.7,107.9,-1.2,-0.88,92.6,0.483,27.8,13.1,74.0,15.6,2009
Charlotte Bobcats,Charlotte Hornets,35.0,104.7,106.1,-1.4,-1.2,88.3,0.494,27.7,15.1,73.0,14.4,2009
New York Knicks,New York Knicks,32.0,108.1,110.8,-2.7,-2.33,96.7,0.503,24.4,12.9,72.7,13.0,2009
New Jersey Nets,Brooklyn Nets,34.0,108.3,111.0,-2.7,-2.31,89.9,0.497,25.2,12.7,73.5,13.0,2009
Toronto Raptors,Toronto Raptors,33.0,107.0,110.0,-3.0,-2.54,92.0,0.494,24.0,12.8,73.7,12.6,2009
Golden State Warriors,Golden State Warriors,29.0,109.5,113.3,-3.8,-3.8,98.2,0.497,26.1,12.9,68.1,12.9,2009
Minnesota Timberwolves,Minnesota Timberwolves,24.0,106.1,111.4,-5.3,-4.74,91.6,0.481,27.7,13.3,75.0,12.0,2009
Memphis Grizzlies,Memphis Grizzlies,24.0,103.5,109.5,-6.0,-5.23,90.1,0.486,25.8,14.8,73.5,14.1,2009
Oklahoma City Thunder,Oklahoma City Thunder,23.0,102.9,109.4,-6.5,-6.04,93.6,0.471,28.6,14.8,73.9,13.0,2009
Washington Wizards,Washington Wizards,19.0,105.4,113.6,-8.2,-6.98,91.0,0.48,27.7,13.2,71.4,13.3,2009
Sacramento Kings,Sacramento Kings,17.0,105.5,114.7,-9.2,-8.6,94.2,0.491,24.5,14.3,69.9,13.0,2009
Los Angeles Clippers,Los Angeles Clippers,19.0,102.3,111.7,-9.4,-8.47,92.1,0.481,25.1,14.0,71.2,12.4,2009
Orlando Magic,Orlando Magic,59.0,111.4,103.3,8.1,7.12,92.0,0.536,24.6,13.6,77.4,12.2,2010
Cleveland Cavaliers,Cleveland Cavaliers,61.0,111.2,104.1,7.1,6.17,91.4,0.532,25.1,13.4,77.2,12.3,2010
Utah Jazz,Utah Jazz,53.0,110.7,105.0,5.7,5.33,93.8,0.524,26.8,14.2,75.6,14.2,2010
San Antonio Spurs,San Antonio Spurs,50.0,110.0,104.5,5.5,5.07,91.7,0.515,26.8,12.9,76.3,12.1,2010
Atlanta Hawks,Atlanta Hawks,53.0,111.9,106.7,5.2,4.44,90.1,0.506,28.2,11.4,72.7,13.2,2010
Phoenix Suns,Phoenix Suns,54.0,115.3,110.2,5.1,4.67,95.3,0.546,27.6,13.6,70.8,11.6,2010
Los Angeles Lakers,Los Angeles Lakers,57.0,108.8,103.7,5.1,4.78,92.8,0.496,27.6,12.4,74.4,13.2,2010
Denver Nuggets,Denver Nuggets,53.0,111.8,107.5,4.3,4.15,94.8,0.509,26.1,12.7,72.4,13.8,2010
Boston Celtics,Boston Celtics,50.0,107.7,103.8,3.9,3.37,91.6,0.522,22.8,14.5,73.8,14.9,2010
Portland Trail Blazers,Portland Trail Blazers,50.0,110.8,107.1,3.7,3.18,87.7,0.499,28.2,12.1,74.8,13.3,2010
Oklahoma City Thunder,Oklahoma City Thunder,50.0,108.3,104.6,3.7,3.55,93.1,0.494,28.6,13.9,73.6,14.0,2010
Dallas Mavericks,Dallas Mavericks,55.0,109.2,106.3,2.9,2.66,92.5,0.506,24.3,12.3,73.7,13.6,2010
Miami Heat,Miami Heat,47.0,106.6,104.1,2.5,1.99,89.6,0.496,26.1,12.8,74.9,13.9,2010
Milwaukee Bucks,Milwaukee Bucks,46.0,104.9,103.1,1.8,1.37,91.7,0.482,26.2,12.3,76.4,14.6,2010
Charlotte Bobcats,Charlotte Hornets,44.0,104.4,102.8,1.6,1.3,90.4,0.49,26.5,15.1,74.2,14.7,2010
Houston Rockets,Houston Rockets,42.0,107.6,108.0,-0.4,-0.02,94.0,0.494,26.9,13.2,73.8,13.6,2010
Memphis Grizzlies,Memphis Grizzlies,40.0,108.3,109.9,-1.6,-1.39,93.6,0.494,31.3,13.7,73.3,13.2,2010
Chicago Bulls,Chicago Bulls,41.0,103.5,105.3,-1.8,-1.64,93.1,0.477,26.6,13.3,74.8,12.3,2010
Toronto Raptors,Toronto Raptors,40.0,111.3,113.2,-1.9,-1.83,93.1,0.521,24.7,12.7,72.9,11.8,2010
New Orleans Hornets,New Orleans Pelicans,37.0,107.4,110.1,-2.7,-2.27,92.6,0.506,24.8,12.7,73.8,13.5,2010
Indiana Pacers,Indiana Pacers,32.0,103.7,106.8,-3.1,-3.11,97.1,0.491,21.6,13.8,73.0,13.4,2010
Golden State Warriors,Golden State Warriors,26.0,108.1,111.7,-3.6,-3.28,100.4,0.514,20.9,13.1,68.5,15.1,2010
New York Knicks,New York Knicks,29.0,107.6,111.6,-4.0,-4.01,94.0,0.509,23.5,13.0,72.1,13.3,2010
Philadelphia 76ers,Philadelphia 76ers,27.0,106.1,110.3,-4.2,-3.93,91.6,0.496,27.6,13.7,73.2,13.8,2010
Sacramento Kings,Sacramento Kings,25.0,105.3,109.9,-4.6,-4.06,94.0,0.491,27.8,13.6,73.5,12.6,2010
Washington Wizards,Washington Wizards,26.0,104.2,109.4,-5.2,-4.72,91.6,0.481,27.6,13.9,72.4,12.8,2010
Detroit Pistons,Detroit Pistons,27.0,105.6,111.4,-5.8,-5.02,88.5,0.474,30.3,12.8,73.4,14.2,2010
Los Angeles Clippers,Los Angeles Clippers,29.0,103.3,110.1,-6.8,-6.01,92.6,0.491,27.1,14.8,74.0,12.2,2010
Minnesota Timberwolves,Minnesota Timberwolves,15.0,101.7,111.6,-9.9,-9.06,96.1,0.478,26.7,14.6,73.6,13.0,2010
New Jersey Nets,Brooklyn Nets,12.0,100.6,110.5,-9.9,-8.93,91.4,0.458,25.1,13.7,71.8,13.3,2010
Miami Heat,Miami Heat,58.0,111.7,103.5,8.2,6.76,90.9,0.524,25.2,13.5,75.5,12.6,2011
Chicago Bulls,Chicago Bulls,62.0,108.3,100.3,8.0,6.53,90.4,0.501,29.4,13.5,76.2,13.6,2011
Los Angeles Lakers,Los Angeles Lakers,57.0,111.0,104.3,6.7,6.01,90.7,0.502,29.2,12.3,72.3,12.8,2011
San Antonio Spurs,San Antonio Spurs,61.0,111.8,105.6,6.2,5.86,92.3,0.527,24.9,12.8,74.6,12.6,2011
Boston Celtics,Boston Celtics,56.0,106.2,100.3,5.9,4.83,90.4,0.519,21.1,14.5,74.7,14.8,2011
Orlando Magic,Orlando Magic,52.0,107.9,102.0,5.9,4.92,91.2,0.521,26.1,14.3,76.9,13.3,2011
Denver Nuggets,Denver Nuggets,50.0,112.3,107.3,5.0,4.81,95.6,0.526,23.9,13.1,75.4,12.7,2011
Dallas Mavericks,Dallas Mavericks,57.0,109.7,105.0,4.7,4.41,91.3,0.525,24.1,13.6,74.8,13.0,2011
Oklahoma City Thunder,Oklahoma City Thunder,55.0,111.2,107.2,4.0,3.81,92.7,0.501,27.4,13.1,73.6,12.9,2011
Memphis Grizzlies,Memphis Grizzlies,46.0,107.6,105.1,2.5,2.55,91.9,0.493,28.9,13.0,72.5,15.7,2011
Houston Rockets,Houston Rockets,43.0,111.3,109.0,2.3,2.37,94.2,0.503,27.4,12.3,72.7,12.6,2011
Portland Trail Blazers,Portland Trail Blazers,48.0,108.8,107.1,1.7,1.85,87.9,0.486,29.5,12.6,72.0,15.4,2011
Philadelphia 76ers,Philadelphia 76ers,41.0,106.6,105.0,1.6,1.01,91.7,0.494,24.6,12.3,74.5,13.5,2011
New Orleans Hornets,New Orleans Pelicans,46.0,106.2,105.2,1.0,1.28,88.7,0.493,25.1,12.8,76.2,14.4,2011
New York Knicks,New York Knicks,42.0,110.9,110.1,0.8,0.48,95.6,0.513,24.2,12.6,71.9,13.8,2011
Milwaukee Bucks,Milwaukee Bucks,35.0,101.6,102.5,-0.9,-1.02,89.8,0.467,24.7,13.0,74.8,14.7,2011
Phoenix Suns,Phoenix Suns,40.0,109.5,110.4,-0.9,-0.46,94.4,0.522,23.7,13.2,71.6,13.1,2011
Atlanta Hawks,Atlanta Hawks,44.0,106.1,107.0,-0.9,-1.1,89.3,0.501,23.4,13.5,74.6,12.3,2011
Indiana Pacers,Indiana Pacers,37.0,104.8,106.0,-1.2,-1.38,94.7,0.486,25.9,14.1,74.1,12.8,2011
Utah Jazz,Utah Jazz,39.0,108.1,110.1,-2.0,-1.44,91.0,0.498,27.0,13.5,71.7,13.8,2011
Golden State Warriors,Golden State Warriors,36.0,108.2,110.7,-2.5,-2.0,94.8,0.51,26.7,13.3,69.3,14.5,2011
Los Angeles Clippers,Los Angeles Clippers,32.0,105.3,108.7,-3.4,-2.71,92.8,0.496,28.4,15.1,73.2,12.8,2011
Detroit Pistons,Detroit Pistons,30.0,107.7,111.7,-4.0,-3.78,89.2,0.495,27.4,12.5,72.1,13.8,2011
Charlotte Bobcats,Charlotte Hornets,34.0,103.4,107.8,-4.4,-4.08,89.6,0.482,25.7,14.1,75.2,12.9,2011
Sacramento Kings,Sacramento Kings,24.0,103.5,109.0,-5.5,-4.8,95.2,0.48,29.9,14.4,74.4,13.5,2011
New Jersey Nets,Brooklyn Nets,24.0,103.1,109.9,-6.8,-6.28,89.9,0.474,26.1,13.4,74.2,11.8,2011
Toronto Raptors,Toronto Raptors,22.0,106.1,112.9,-6.8,-6.28,92.9,0.491,28.2,13.7,72.0,13.0,2011
Minnesota Timberwolves,Minnesota Timberwolves,17.0,104.2,111.1,-6.9,-5.97,96.5,0.483,29.6,15.1,73.7,13.1,2011
Washington Wizards,Washington Wizards,23.0,102.4,110.2,-7.8,-7.3,93.8,0.471,28.0,13.9,70.5,14.4,2011
Cleveland Cavaliers,Cleveland Cavaliers,19.0,102.2,111.8,-9.6,-8.88,93.0,0.472,24.2,13.4,73.3,12.7,2011
Chicago Bulls,Chicago Bulls,50.0,107.4,98.3,9.1,7.43,89.1,0.49,32.6,13.2,74.3,12.8,2012
San Antonio Spurs,San Antonio Spurs,50.0,110.9,103.2,7.7,7.28,92.9,0.528,25.1,12.8,76.0,12.9,2012
Oklahoma City Thunder,Oklahoma City Thunder,47.0,109.8,103.2,6.6,6.44,93.0,0.516,27.8,15.3,72.1,13.0,2012
Miami Heat,Miami Heat,46.0,106.6,100.2,6.4,5.72,91.2,0.505,26.6,14.5,73.9,15.8,2012
Philadelphia 76ers,Philadelphia 76ers,35.0,103.9,99.2,4.7,3.59,89.7,0.48,24.4,10.9,75.2,13.5,2012
Atlanta Hawks,Atlanta Hawks,40.0,104.9,101.2,3.7,2.67,90.2,0.5,23.9,13.4,74.4,14.4,2012
Indiana Pacers,Indiana Pacers,42.0,106.7,103.1,3.6,2.6,90.7,0.474,29.2,13.1,72.3,14.1,2012
New York Knicks,New York Knicks,36.0,104.4,101.0,3.4,2.39,93.2,0.492,26.6,14.9,73.7,15.9,2012
Denver Nuggets,Denver Nuggets,38.0,109.2,106.2,3.0,3.16,94.2,0.516,27.7,14.1,74.3,14.3,2012
Boston Celtics,Boston Celtics,39.0,101.0,98.2,2.8,2.26,90.4,0.496,19.7,14.7,72.4,14.9,2012
Los Angeles Clippers,Los Angeles Clippers,40.0,108.5,105.7,2.8,2.82,89.2,0.502,29.5,12.7,73.2,14.2,2012
Memphis Grizzlies,Memphis Grizzlies,41.0,104.0,101.8,2.2,2.43,90.8,0.473,29.8,13.6,72.7,16.3,2012
Los Angeles Lakers,Los Angeles Lakers,41.0,106.0,104.4,1.6,1.96,90.5,0.491,29.1,14.2,74.8,10.7,2012
Dallas Mavericks,Dallas Mavericks,36.0,103.3,102.3,1.0,1.78,91.4,0.489,23.4,13.4,74.8,13.9,2012
Orlando Magic,Orlando Magic,37.0,105.0,104.1,0.9,0.46,89.0,0.506,26.5,14.5,75.5,12.9,2012
Utah Jazz,Utah Jazz,36.0,106.8,106.1,0.7,0.92,91.4,0.481,30.2,13.0,73.8,13.8,2012
Milwaukee Bucks,Milwaukee Bucks,31.0,105.5,105.2,0.3,-0.23,93.7,0.481,27.7,12.9,70.9,14.6,2012
Houston Rockets,Houston Rockets,34.0,105.5,105.2,0.3,0.57,91.7,0.492,27.5,13.5,73.4,13.8,2012
Phoenix Suns,Phoenix Suns,33.0,106.2,106.5,-0.3,0.29,92.6,0.499,25.8,13.3,71.7,13.1,2012
Portland Trail Blazers,Portland Trail Blazers,28.0,105.7,106.4,-0.7,-0.22,91.2,0.488,26.3,13.4,72.8,14.1,2012
Minnesota Timberwolves,Minnesota Timberwolves,26.0,104.3,106.6,-2.3,-1.83,93.3,0.477,27.5,14.0,73.0,12.2,2012
Golden State Warriors,Golden State Warriors,23.0,105.4,109.1,-3.7,-2.79,92.3,0.505,22.9,13.3,69.1,13.6,2012
Toronto Raptors,Toronto Raptors,23.0,100.8,104.5,-3.7,-3.67,89.3,0.475,25.9,14.8,75.4,12.8,2012
New Orleans Hornets,New Orleans Pelicans,21.0,100.9,105.1,-4.2,-3.11,88.3,0.476,27.5,15.2,73.1,13.5,2012
Washington Wizards,Washington Wizards,20.0,101.0,106.2,-5.2,-5.14,92.5,0.472,27.3,14.2,70.9,14.2,2012
Detroit Pistons,Detroit Pistons,25.0,101.0,106.3,-5.3,-5.19,89.2,0.468,28.1,15.0,72.8,14.2,2012
Sacramento Kings,Sacramento Kings,22.0,103.8,109.8,-6.0,-4.95,94.7,0.472,29.1,13.0,70.5,13.9,2012
New Jersey Nets,Brooklyn Nets,22.0,102.9,109.6,-6.7,-6.37,90.1,0.473,27.8,14.3,70.7,13.7,2012
Cleveland Cavaliers,Cleveland Cavaliers,21.0,101.1,108.9,-7.8,-7.34,91.3,0.463,28.9,14.3,72.2,13.1,2012
Charlotte Bobcats,Charlotte Hornets,7.0,95.2,110.4,-15.2,-13.96,91.1,0.439,23.6,13.9,70.9,12.8,2012
Oklahoma City Thunder,Oklahoma City Thunder,60.0,112.4,102.6,9.8,9.15,93.3,0.527,26.7,14.4,73.4,13.5,2013
Miami Heat,Miami Heat,66.0,112.3,103.7,8.6,7.03,90.7,0.552,22.2,13.7,73.0,14.8,2013
Los Angeles Clippers,Los Angeles Clippers,56.0,110.6,103.6,7.0,6.43,91.1,0.526,28.8,13.9,73.5,15.4,2013
San Antonio Spurs,San Antonio Spurs,58.0,108.3,101.6,6.7,6.67,94.2,0.531,20.5,14.0,74.9,13.7,2013
Denver Nuggets,Denver Nuggets,57.0,110.4,105.1,5.3,5.37,95.1,0.515,31.4,13.6,71.8,14.3,2013
New York Knicks,New York Knicks,54.0,111.1,106.3,4.8,3.73,89.8,0.515,25.6,11.7,74.7,14.8,2013
Memphis Grizzlies,Memphis Grizzlies,56.0,104.9,100.3,4.6,4.32,88.4,0.472,31.0,13.3,74.3,15.2,2013
Indiana Pacers,Indiana Pacers,49.0,104.3,99.8,4.5,3.34,90.2,0.479,30.3,14.3,74.6,12.9,2013
Houston Rockets,Houston Rockets,45.0,109.7,106.1,3.6,3.69,96.1,0.525,26.4,14.9,75.2,13.5,2013
Brooklyn Nets,Brooklyn Nets,49.0,108.2,106.2,2.0,1.25,88.8,0.498,30.9,14.0,73.7,13.1,2013
Los Angeles Lakers,Los Angeles Lakers,45.0,107.8,106.6,1.2,1.48,94.4,0.512,27.0,13.9,74.3,11.9,2013
Golden State Warriors,Golden State Warriors,47.0,106.4,105.5,0.9,1.32,94.5,0.506,25.4,14.0,75.5,12.4,2013
Atlanta Hawks,Atlanta Hawks,44.0,104.8,104.4,0.4,-0.08,92.6,0.517,22.2,14.2,73.6,14.2,2013
Chicago Bulls,Chicago Bulls,45.0,103.5,103.2,0.3,-0.02,89.3,0.47,29.4,13.6,73.6,13.2,2013
Utah Jazz,Utah Jazz,43.0,106.7,106.8,-0.1,0.3,90.9,0.492,28.8,13.8,73.2,14.0,2013
Boston Celtics,Boston Celtics,41.0,103.1,103.3,-0.2,-0.62,91.7,0.503,20.1,14.1,73.3,14.2,2013
Dallas Mavericks,Dallas Mavericks,41.0,105.9,106.5,-0.6,-0.24,94.1,0.506,21.8,13.0,73.1,13.3,2013
Milwaukee Bucks,Milwaukee Bucks,38.0,103.6,105.2,-1.6,-1.83,94.7,0.476,27.9,12.7,71.3,14.4,2013
Toronto Raptors,Toronto Raptors,34.0,105.9,107.5,-1.6,-1.96,90.4,0.488,25.5,13.0,73.4,13.6,2013
Minnesota Timberwolves,Minnesota Timberwolves,31.0,102.9,105.4,-2.5,-1.83,92.8,0.473,27.4,13.8,74.0,15.0,2013
Washington Wizards,Washington Wizards,29.0,100.2,103.0,-2.8,-2.78,92.2,0.475,24.6,14.2,74.6,13.7,2013
Portland Trail Blazers,Portland Trail Blazers,33.0,105.8,109.2,-3.4,-2.53,91.4,0.498,25.3,13.9,73.3,12.5,2013
Philadelphia 76ers,Philadelphia 76ers,34.0,102.0,105.7,-3.7,-3.51,91.0,0.481,24.9,12.5,73.4,13.7,2013
Detroit Pistons,Detroit Pistons,29.0,103.8,108.1,-4.3,-4.33,90.8,0.487,28.3,14.3,73.0,13.1,2013
New Orleans Hornets,New Orleans Pelicans,27.0,105.7,110.1,-4.4,-3.12,88.5,0.489,29.2,14.0,74.4,13.1,2013
Cleveland Cavaliers,Cleveland Cavaliers,24.0,104.3,109.4,-5.1,-4.87,92.3,0.473,28.1,13.0,72.6,14.4,2013
Sacramento Kings,Sacramento Kings,28.0,106.2,111.4,-5.2,-4.26,93.6,0.491,26.6,13.4,71.0,13.6,2013
Phoenix Suns,Phoenix Suns,25.0,101.2,108.1,-6.9,-5.75,93.4,0.477,27.0,14.3,71.9,14.2,2013
Orlando Magic,Orlando Magic,20.0,101.6,109.1,-7.5,-7.12,92.2,0.485,25.4,13.7,74.6,11.8,2013
Charlotte Bobcats,Charlotte Hornets,21.0,101.5,111.5,-10.0,-9.29,91.5,0.46,25.7,13.2,71.1,13.2,2013
San Antonio Spurs,San Antonio Spurs,62.0,110.5,102.4,8.1,8.0,95.0,0.537,22.7,13.5,76.4,12.8,2014
Los Angeles Clippers,Los Angeles Clippers,57.0,112.1,104.8,7.3,7.27,95.9,0.526,25.0,12.7,72.5,13.8,2014
Oklahoma City Thunder,Oklahoma City Thunder,59.0,110.5,103.9,6.6,6.66,95.4,0.52,26.5,14.0,75.6,13.9,2014
Miami Heat,Miami Heat,54.0,110.9,105.8,5.1,4.15,91.2,0.554,20.6,14.6,73.0,15.8,2014
Golden State Warriors,Golden State Warriors,51.0,107.5,102.6,4.9,5.15,96.2,0.517,25.1,13.8,76.3,13.6,2014
Indiana Pacers,Indiana Pacers,56.0,104.1,99.3,4.8,3.63,92.5,0.49,24.9,14.3,76.8,12.9,2014
Houston Rockets,Houston Rockets,54.0,111.0,106.3,4.7,5.06,96.3,0.531,27.4,14.6,74.1,12.5,2014
Portland Trail Blazers,Portland Trail Blazers,54.0,111.5,107.4,4.1,4.44,94.9,0.504,28.0,12.4,74.7,10.9,2014
Toronto Raptors,Toronto Raptors,48.0,108.8,105.3,3.5,2.55,91.8,0.498,27.2,13.2,74.9,14.1,2014
Phoenix Suns,Phoenix Suns,48.0,109.5,106.7,2.8,3.02,95.8,0.519,26.4,14.0,73.7,13.9,2014
Minnesota Timberwolves,Minnesota Timberwolves,40.0,108.9,106.2,2.7,3.1,97.3,0.486,27.4,12.2,74.4,14.8,2014
Dallas Mavericks,Dallas Mavericks,49.0,111.2,108.7,2.5,2.91,93.5,0.526,24.6,12.7,72.7,14.8,2014
Chicago Bulls,Chicago Bulls,48.0,102.5,100.5,2.0,1.2,90.2,0.471,27.2,14.2,75.4,13.7,2014
Memphis Grizzlies,Memphis Grizzlies,50.0,106.3,104.6,1.7,2.18,89.9,0.494,28.3,13.1,75.7,13.8,2014
Washington Wizards,Washington Wizards,44.0,106.0,104.6,1.4,0.48,93.2,0.506,25.2,13.6,75.7,15.0,2014
Charlotte Bobcats,Charlotte Hornets,43.0,103.6,103.8,-0.2,-0.89,92.4,0.481,21.9,11.7,77.6,12.6,2014
Atlanta Hawks,Atlanta Hawks,38.0,105.9,106.4,-0.5,-0.88,94.6,0.515,21.0,14.3,74.4,14.0,2014
New York Knicks,New York Knicks,37.0,108.3,109.1,-0.8,-1.4,90.3,0.505,25.1,12.5,74.3,14.0,2014
Brooklyn Nets,Brooklyn Nets,44.0,106.7,107.7,-1.0,-1.58,91.4,0.514,21.7,14.1,72.3,14.9,2014
Denver Nuggets,Denver Nuggets,36.0,106.0,108.2,-2.2,-1.4,98.1,0.497,27.5,14.0,74.5,12.8,2014
New Orleans Pelicans,New Orleans Pelicans,34.0,107.2,110.1,-2.9,-1.98,92.2,0.495,26.9,12.9,73.8,13.6,2014
Sacramento Kings,Sacramento Kings,28.0,105.7,108.8,-3.1,-2.08,94.4,0.484,27.8,13.9,76.6,12.7,2014
Cleveland Cavaliers,Cleveland Cavaliers,33.0,104.2,107.7,-3.5,-3.86,93.1,0.479,27.2,13.0,75.8,13.0,2014
Detroit Pistons,Detroit Pistons,29.0,105.9,109.7,-3.8,-4.13,94.9,0.482,31.4,12.9,73.4,13.8,2014
Boston Celtics,Boston Celtics,25.0,102.9,107.7,-4.8,-4.97,93.3,0.477,27.4,14.2,74.2,13.4,2014
Orlando Magic,Orlando Magic,23.0,101.7,107.4,-5.7,-5.88,93.6,0.487,22.4,13.9,75.5,13.0,2014
Los Angeles Lakers,Los Angeles Lakers,27.0,104.2,110.6,-6.4,-5.33,98.7,0.505,20.2,13.7,71.0,12.4,2014
Utah Jazz,Utah Jazz,25.0,103.5,111.3,-7.8,-6.27,91.4,0.484,25.5,13.9,74.5,12.1,2014
Milwaukee Bucks,Milwaukee Bucks,15.0,103.0,111.8,-8.8,-8.41,91.8,0.479,27.1,14.1,71.4,13.2,2014
Philadelphia 76ers,Philadelphia 76ers,19.0,99.4,109.9,-10.5,-10.66,99.2,0.475,24.8,14.8,72.4,14.9,2014
Golden State Warriors,Golden State Warriors,67.0,111.6,101.4,10.2,10.01,98.3,0.54,24.1,13.1,74.5,14.3,2015
Los Angeles Clippers,Los Angeles Clippers,56.0,112.4,105.5,6.9,6.8,94.7,0.533,22.8,11.6,75.7,13.2,2015
San Antonio Spurs,San Antonio Spurs,55.0,108.5,102.0,6.5,6.34,93.8,0.517,23.4,13.1,77.3,13.3,2015
Atlanta Hawks,Atlanta Hawks,60.0,108.9,103.1,5.8,4.75,93.9,0.527,21.4,13.5,73.4,14.9,2015
Cleveland Cavaliers,Cleveland Cavaliers,53.0,111.1,106.3,4.8,4.08,92.3,0.52,26.8,13.4,74.7,12.6,2015
Portland Trail Blazers,Portland Trail Blazers,51.0,108.2,103.7,4.5,4.41,94.2,0.508,24.2,12.6,76.2,11.3,2015
Houston Rockets,Houston Rockets,56.0,107.0,103.4,3.6,3.82,96.5,0.512,26.8,15.0,72.9,14.6,2015
Memphis Grizzlies,Memphis Grizzlies,55.0,105.7,102.2,3.5,3.62,92.0,0.489,24.7,12.6,75.3,14.5,2015
Toronto Raptors,Toronto Raptors,49.0,111.0,107.7,3.3,2.45,92.8,0.508,25.6,12.0,73.3,13.4,2015
Chicago Bulls,Chicago Bulls,50.0,107.5,104.3,3.2,2.54,92.8,0.489,27.0,12.9,74.4,11.3,2015
Dallas Mavericks,Dallas Mavericks,50.0,109.5,106.4,3.1,3.36,95.2,0.515,23.6,11.9,72.2,14.7,2015
Oklahoma City Thunder,Oklahoma City Thunder,45.0,107.8,105.5,2.3,2.47,95.7,0.492,28.9,13.1,75.6,12.4,2015
New Orleans Pelicans,New Orleans Pelicans,45.0,108.2,107.3,0.9,1.13,91.4,0.501,27.1,12.5,75.1,11.7,2015
Washington Wizards,Washington Wizards,46.0,103.7,103.0,0.7,0.17,93.7,0.499,24.9,14.0,77.3,12.9,2015
Milwaukee Bucks,Milwaukee Bucks,41.0,102.7,102.2,0.5,-0.09,94.1,0.499,25.4,15.5,73.3,15.9,2015
Indiana Pacers,Indiana Pacers,38.0,103.5,103.2,0.3,-0.23,93.2,0.484,24.0,13.1,77.9,12.0,2015
Utah Jazz,Utah Jazz,38.0,105.1,104.9,0.2,0.71,90.4,0.494,29.1,14.6,76.3,12.8,2015
Boston Celtics,Boston Celtics,40.0,104.7,104.5,0.2,-0.4,95.8,0.489,24.7,12.5,75.0,13.7,2015
Phoenix Suns,Phoenix Suns,39.0,105.3,106.2,-0.9,-0.38,96.3,0.501,24.5,13.7,73.5,14.0,2015
Detroit Pistons,Detroit Pistons,32.0,105.3,106.4,-1.1,-1.39,92.8,0.482,27.7,12.3,75.0,13.2,2015
Miami Heat,Miami Heat,37.0,103.9,106.7,-2.8,-2.92,90.9,0.5,23.2,14.5,73.4,14.2,2015
Brooklyn Nets,Brooklyn Nets,38.0,104.4,107.4,-3.0,-3.13,92.7,0.491,23.9,13.0,73.7,12.9,2015
Charlotte Hornets,Charlotte Hornets,33.0,100.1,103.5,-3.4,-3.44,93.0,0.456,22.1,11.2,79.3,12.0,2015
Denver Nuggets,Denver Nuggets,30.0,104.5,108.2,-3.7,-3.07,96.1,0.479,26.6,12.7,74.7,13.0,2015
Sacramento Kings,Sacramento Kings,29.0,105.3,109.2,-3.9,-3.07,95.4,0.49,26.5,14.8,75.2,11.8,2015
Orlando Magic,Orlando Magic,25.0,101.6,107.7,-6.1,-5.87,93.8,0.494,23.1,14.0,76.0,13.6,2015
Los Angeles Lakers,Los Angeles Lakers,21.0,103.4,110.6,-7.2,-6.17,94.0,0.473,25.4,12.1,76.3,12.1,2015
Minnesota Timberwolves,Minnesota Timberwolves,16.0,102.9,112.2,-9.3,-8.0,94.4,0.468,26.6,13.7,71.6,13.9,2015
Philadelphia 76ers,Philadelphia 76ers,18.0,95.5,104.8,-9.3,-9.04,95.7,0.459,25.5,16.0,73.0,15.2,2015
New York Knicks,New York Knicks,17.0,99.9,110.0,-10.1,-9.5,91.2,0.47,24.5,14.0,73.1,13.3,2015
San Antonio Spurs,San Antonio Spurs,67.0,110.3,99.0,11.3,10.28,93.8,0.526,23.0,12.4,79.1,14.1,2016
Golden State Warriors,Golden State Warriors,73.0,114.5,103.8,10.7,10.38,99.3,0.563,23.5,13.5,76.0,12.6,2016
Oklahoma City Thunder,Oklahoma City Thunder,55.0,113.1,105.6,7.5,7.09,96.7,0.524,31.1,14.0,76.0,11.7,2016
Cleveland Cavaliers,Cleveland Cavaliers,57.0,110.9,104.5,6.4,5.45,93.3,0.524,25.1,12.7,78.5,12.6,2016
Toronto Raptors,Toronto Raptors,56.0,110.0,105.2,4.8,4.08,92.9,0.504,24.6,12.3,77.7,12.7,2016
Los Angeles Clippers,Los Angeles Clippers,53.0,108.3,103.8,4.5,4.13,95.8,0.524,20.1,12.1,73.8,13.8,2016
Atlanta Hawks,Atlanta Hawks,48.0,105.1,101.4,3.7,3.49,97.1,0.516,19.1,13.8,74.6,14.4,2016
Boston Celtics,Boston Celtics,48.0,106.8,103.6,3.2,2.84,98.5,0.488,25.1,12.1,74.6,14.6,2016
Charlotte Hornets,Charlotte Hornets,48.0,107.2,104.3,2.9,2.36,95.6,0.502,20.0,11.7,79.8,12.5,2016
Utah Jazz,Utah Jazz,40.0,105.9,103.9,2.0,1.84,91.0,0.501,25.9,14.2,77.7,13.5,2016
Miami Heat,Miami Heat,48.0,106.1,104.4,1.7,1.5,93.6,0.508,23.8,13.3,77.8,12.1,2016
Indiana Pacers,Indiana Pacers,45.0,104.6,102.9,1.7,1.62,96.6,0.497,23.4,13.5,76.0,14.3,2016
Portland Trail Blazers,Portland Trail Blazers,44.0,108.8,108.0,0.8,0.98,96.0,0.511,25.9,13.2,76.2,12.1,2016
Detroit Pistons,Detroit Pistons,44.0,106.1,105.5,0.6,0.43,95.1,0.491,27.0,12.2,79.3,12.5,2016
Houston Rockets,Houston Rockets,41.0,108.3,108.1,0.2,0.34,97.6,0.516,25.7,14.2,72.8,14.8,2016
Dallas Mavericks,Dallas Mavericks,42.0,106.7,107.0,-0.3,-0.02,94.3,0.502,20.6,12.0,76.2,12.8,2016
Washington Wizards,Washington Wizards,41.0,105.3,105.8,-0.5,-0.5,98.5,0.511,20.6,13.1,77.7,14.6,2016
Chicago Bulls,Chicago Bulls,42.0,105.0,106.5,-1.5,-1.46,95.7,0.487,24.5,12.6,74.9,10.7,2016
Orlando Magic,Orlando Magic,35.0,105.1,106.8,-1.7,-1.68,96.0,0.5,23.1,12.8,76.5,13.8,2016
Sacramento Kings,Sacramento Kings,33.0,106.0,108.4,-2.4,-2.32,100.0,0.51,23.9,14.2,74.9,14.0,2016
Memphis Grizzlies,Memphis Grizzlies,42.0,105.4,107.8,-2.4,-2.14,93.3,0.477,25.3,12.3,75.1,15.2,2016
New York Knicks,New York Knicks,32.0,104.6,107.6,-3.0,-2.74,93.4,0.483,23.7,12.6,75.8,10.5,2016
Denver Nuggets,Denver Nuggets,33.0,105.6,108.9,-3.3,-2.81,95.7,0.489,25.8,13.2,77.3,12.6,2016
Minnesota Timberwolves,Minnesota Timberwolves,29.0,106.5,110.1,-3.6,-3.38,95.2,0.498,24.3,13.9,74.7,13.6,2016
New Orleans Pelicans,New Orleans Pelicans,30.0,105.6,109.5,-3.9,-3.56,96.8,0.498,21.2,12.3,78.8,12.7,2016
Milwaukee Bucks,Milwaukee Bucks,33.0,104.3,108.7,-4.4,-3.98,94.2,0.499,24.9,14.2,73.1,14.2,2016
Phoenix Suns,Phoenix Suns,23.0,102.2,109.0,-6.8,-6.32,98.5,0.487,25.4,15.2,77.1,13.5,2016
Brooklyn Nets,Brooklyn Nets,21.0,103.2,110.9,-7.7,-7.12,95.2,0.492,24.1,13.6,75.7,13.1,2016
Los Angeles Lakers,Los Angeles Lakers,17.0,101.6,111.6,-10.0,-8.92,95.6,0.46,23.1,12.5,74.7,11.6,2016
Philadelphia 76ers,Philadelphia 76ers,10.0,98.8,109.2,-10.4,-9.92,97.9,0.487,20.6,14.8,74.0,13.5,2016
Golden State Warriors,Golden State Warriors,67.0,115.6,104.0,11.6,11.35,99.8,0.563,22.8,13.2,74.9,13.5,2017
San Antonio Spurs,San Antonio Spurs,61.0,111.1,103.5,7.6,7.13,94.2,0.524,24.0,12.6,77.6,13.5,2017
Houston Rockets,Houston Rockets,55.0,114.7,109.0,5.7,5.84,100.0,0.545,24.6,13.3,75.8,13.2,2017
Toronto Raptors,Toronto Raptors,51.0,112.3,107.8,4.5,3.65,94.7,0.517,25.0,11.8,76.3,13.5,2017
Los Angeles Clippers,Los Angeles Clippers,51.0,112.7,108.2,4.5,4.42,96.1,0.537,21.5,12.0,76.9,12.1,2017
Utah Jazz,Utah Jazz,51.0,109.6,105.3,4.3,4.0,91.6,0.526,23.2,13.2,78.9,11.8,2017
Cleveland Cavaliers,Cleveland Cavaliers,51.0,113.6,110.3,3.3,2.87,96.2,0.547,21.9,12.6,75.8,11.4,2017
Boston Celtics,Boston Celtics,53.0,111.2,108.4,2.8,2.25,96.8,0.525,21.2,12.2,75.3,12.6,2017
Washington Wizards,Washington Wizards,49.0,111.2,109.3,1.9,1.36,97.4,0.528,24.1,12.8,75.5,13.8,2017
Miami Heat,Miami Heat,41.0,107.8,106.7,1.1,0.77,95.2,0.512,24.2,12.4,76.4,12.6,2017
Oklahoma City Thunder,Oklahoma City Thunder,47.0,108.3,107.5,0.8,1.14,97.8,0.5,27.9,13.2,79.0,12.5,2017
Memphis Grizzlies,Memphis Grizzlies,43.0,107.7,107.1,0.6,0.96,92.3,0.491,24.8,12.1,77.5,13.6,2017
Denver Nuggets,Denver Nuggets,40.0,113.2,112.7,0.5,0.7,98.3,0.53,27.3,13.2,78.7,10.9,2017
Chicago Bulls,Chicago Bulls,41.0,107.4,107.0,0.4,0.03,95.3,0.487,27.0,12.3,76.8,12.4,2017
Charlotte Hornets,Charlotte Hornets,36.0,108.8,108.6,0.2,-0.07,95.7,0.501,19.9,10.7,79.6,12.1,2017
Indiana Pacers,Indiana Pacers,42.0,108.6,108.8,-0.2,-0.64,95.9,0.516,21.2,12.8,75.5,13.6,2017
Milwaukee Bucks,Milwaukee Bucks,42.0,109.1,109.3,-0.2,-0.45,94.5,0.527,21.5,13.2,75.4,13.6,2017
Portland Trail Blazers,Portland Trail Blazers,41.0,110.3,110.8,-0.5,-0.23,96.7,0.52,23.0,12.5,76.8,11.6,2017
Atlanta Hawks,Atlanta Hawks,43.0,104.9,105.7,-0.8,-1.23,97.4,0.504,23.6,14.2,76.1,13.8,2017
Detroit Pistons,Detroit Pistons,37.0,106.0,107.1,-1.1,-1.29,95.0,0.492,24.1,10.9,81.2,12.1,2017
Minnesota Timberwolves,Minnesota Timberwolves,31.0,110.8,112.0,-1.2,-0.64,94.6,0.511,27.2,12.9,75.9,13.2,2017
New Orleans Pelicans,New Orleans Pelicans,34.0,105.2,107.4,-2.2,-1.69,98.0,0.504,18.5,11.7,76.8,12.4,2017
Dallas Mavericks,Dallas Mavericks,33.0,105.6,108.8,-3.2,-2.53,92.2,0.505,18.1,11.6,77.6,14.4,2017
New York Knicks,New York Knicks,31.0,107.7,111.5,-3.8,-3.87,96.0,0.496,26.6,12.4,74.1,11.7,2017
Sacramento Kings,Sacramento Kings,32.0,107.3,111.3,-4.0,-3.29,94.9,0.516,21.0,13.7,76.3,12.9,2017
Phoenix Suns,Phoenix Suns,24.0,106.6,112.2,-5.6,-5.14,100.3,0.493,26.0,13.4,76.4,13.1,2017
Philadelphia 76ers,Philadelphia 76ers,28.0,103.2,108.9,-5.7,-5.83,98.5,0.501,22.4,14.9,75.3,13.5,2017
Brooklyn Nets,Brooklyn Nets,20.0,104.1,110.7,-6.6,-6.74,101.3,0.507,19.6,14.7,76.1,11.6,2017
Orlando Magic,Orlando Magic,29.0,103.7,110.5,-6.8,-6.61,96.8,0.489,21.6,12.1,77.4,11.9,2017
Los Angeles Lakers,Los Angeles Lakers,26.0,106.0,113.0,-7.0,-6.29,98.5,0.501,25.0,13.5,75.8,13.0,2017
Houston Rockets,Houston Rockets,65.0,114.7,106.1,8.6,8.21,97.6,0.551,21.3,12.7,79.9,13.4,2018
Toronto Raptors,Toronto Raptors,59.0,113.8,105.9,7.9,7.29,97.4,0.539,23.0,12.1,77.7,13.0,2018
Golden State Warriors,Golden State Warriors,58.0,113.6,107.7,5.9,5.79,99.6,0.569,21.0,14.1,76.3,12.6,2018
Utah Jazz,Utah Jazz,48.0,108.4,103.9,4.5,4.47,95.7,0.527,21.5,13.7,79.8,14.0,2018
Philadelphia 76ers,Philadelphia 76ers,52.0,109.5,105.0,4.5,4.3,99.8,0.535,25.3,14.6,78.6,12.6,2018
Boston Celtics,Boston Celtics,55.0,107.6,103.9,3.7,3.23,96.0,0.518,21.5,12.9,78.4,13.0,2018
Oklahoma City Thunder,Oklahoma City Thunder,48.0,110.7,107.2,3.5,3.42,96.7,0.514,27.7,12.4,77.4,14.7,2018
San Antonio Spurs,San Antonio Spurs,47.0,107.9,104.8,3.1,2.89,95.0,0.507,23.7,12.2,78.6,13.2,2018
Portland Trail Blazers,Portland Trail Blazers,49.0,109.1,106.4,2.7,2.6,96.5,0.511,23.3,12.3,79.1,11.7,2018
Minnesota Timberwolves,Minnesota Timberwolves,47.0,113.4,111.1,2.3,2.35,96.0,0.523,24.4,11.4,76.4,13.9,2018
Denver Nuggets,Denver Nuggets,46.0,112.5,111.0,1.5,1.57,96.8,0.536,25.7,13.4,77.5,12.6,2018
Indiana Pacers,Indiana Pacers,48.0,109.5,108.1,1.4,1.18,96.0,0.525,22.7,12.3,76.2,14.2,2018
New Orleans Pelicans,New Orleans Pelicans,48.0,109.6,108.3,1.3,1.48,100.5,0.541,20.0,13.3,76.7,12.5,2018
Cleveland Cavaliers,Cleveland Cavaliers,50.0,112.9,111.9,1.0,0.59,98.0,0.547,20.1,12.6,77.3,12.2,2018
Washington Wizards,Washington Wizards,43.0,109.3,108.7,0.6,0.53,96.6,0.525,23.5,13.3,77.1,13.6,2018
Miami Heat,Miami Heat,44.0,106.8,106.3,0.5,0.15,95.6,0.52,21.5,13.3,79.0,13.1,2018
Charlotte Hornets,Charlotte Hornets,36.0,109.4,109.1,0.3,0.07,98.4,0.508,22.2,11.4,80.7,12.4,2018
Los Angeles Clippers,Los Angeles Clippers,42.0,110.3,110.2,0.1,0.15,98.7,0.527,23.5,13.2,76.1,12.6,2018
Detroit Pistons,Detroit Pistons,39.0,107.2,107.3,-0.1,-0.26,96.2,0.512,22.7,12.3,78.5,13.7,2018
Milwaukee Bucks,Milwaukee Bucks,44.0,109.8,110.1,-0.3,-0.45,96.3,0.531,20.4,12.9,75.9,14.2,2018
Los Angeles Lakers,Los Angeles Lakers,35.0,106.5,108.0,-1.5,-1.44,100.3,0.517,23.6,13.8,77.7,12.5,2018
Dallas Mavericks,Dallas Mavericks,24.0,106.3,109.5,-3.2,-2.7,95.6,0.513,18.0,11.5,78.9,12.8,2018
New York Knicks,New York Knicks,29.0,107.1,110.7,-3.6,-3.53,96.8,0.51,24.1,13.3,76.7,12.1,2018
Brooklyn Nets,Brooklyn Nets,28.0,106.9,110.6,-3.7,-3.67,98.9,0.514,21.0,13.6,77.0,11.0,2018
Orlando Magic,Orlando Magic,25.0,105.2,110.1,-4.9,-4.92,98.1,0.512,20.0,13.3,75.6,12.8,2018
Atlanta Hawks,Atlanta Hawks,24.0,105.0,110.6,-5.6,-5.3,98.3,0.512,21.1,14.1,76.2,13.6,2018
Memphis Grizzlies,Memphis Grizzlies,22.0,104.5,111.0,-6.5,-5.81,94.9,0.5,22.4,14.0,76.5,13.8,2018
Chicago Bulls,Chicago Bulls,27.0,103.8,110.9,-7.1,-6.84,98.3,0.497,20.6,12.6,80.6,12.4,2018
Sacramento Kings,Sacramento Kings,27.0,103.7,111.1,-7.4,-6.6,94.9,0.502,21.5,12.8,77.6,13.5,2018
Phoenix Suns,Phoenix Suns,21.0,103.5,112.9,-9.4,-8.8,100.3,0.495,22.5,13.9,76.5,11.9,2018
Milwaukee Bucks,Milwaukee Bucks,60.0,113.8,105.2,8.6,8.04,103.3,0.55,20.8,12.0,80.3,11.5,2019
Golden State Warriors,Golden State Warriors,57.0,115.9,109.5,6.4,6.42,100.9,0.565,22.5,12.6,77.1,11.7,2019
Toronto Raptors,Toronto Raptors,58.0,113.1,107.1,6.0,5.49,100.2,0.543,21.9,12.4,77.1,13.1,2019
Utah Jazz,Utah Jazz,50.0,110.9,105.7,5.2,5.28,100.3,0.538,22.9,13.4,80.3,12.4,2019
Houston Rockets,Houston Rockets,53.0,115.5,110.7,4.8,4.96,97.9,0.542,22.8,12.0,74.4,13.4,2019
Boston Celtics,Boston Celtics,49.0,112.2,107.8,4.4,3.9,99.6,0.534,21.6,11.5,77.0,13.4,2019
Portland Trail Blazers,Portland Trail Blazers,53.0,114.7,110.5,4.2,4.43,99.1,0.528,26.6,12.1,77.9,11.0,2019
Denver Nuggets,Denver Nuggets,54.0,113.0,108.9,4.1,4.19,97.7,0.527,26.6,11.9,78.0,12.3,2019
Indiana Pacers,Indiana Pacers,48.0,109.9,106.5,3.4,2.76,98.1,0.53,21.9,12.4,76.2,14.1,2019
Oklahoma City Thunder,Oklahoma City Thunder,49.0,110.3,107.0,3.3,3.56,102.8,0.514,26.0,11.7,78.2,14.4,2019
Philadelphia 76ers,Philadelphia 76ers,51.0,112.6,110.0,2.6,2.25,101.6,0.532,24.5,12.9,78.6,11.1,2019
San Antonio Spurs,San Antonio Spurs,48.0,112.9,111.2,1.7,1.8,98.3,0.534,21.0,11.0,79.4,11.0,2019
Los Angeles Clippers,Los Angeles Clippers,48.0,112.4,111.5,0.9,1.09,101.7,0.529,22.0,12.7,76.0,11.4,2019
Orlando Magic,Orlando Magic,42.0,108.9,108.1,0.8,0.28,98.1,0.518,22.0,11.9,79.7,11.8,2019
Brooklyn Nets,Brooklyn Nets,42.0,109.6,109.7,-0.1,-0.4,100.8,0.52,23.8,13.0,76.4,11.6,2019
Detroit Pistons,Detroit Pistons,41.0,109.0,109.2,-0.2,-0.56,97.4,0.509,24.8,12.3,78.7,12.8,2019
Miami Heat,Miami Heat,39.0,107.3,107.6,-0.3,-0.45,98.2,0.515,24.8,13.1,77.6,12.7,2019
Sacramento Kings,Sacramento Kings,39.0,110.4,111.5,-1.1,-0.81,103.1,0.524,23.1,11.5,75.5,13.6,2019
Charlotte Hornets,Charlotte Hornets,39.0,111.4,112.5,-1.1,-1.32,98.7,0.514,21.7,10.9,77.1,12.1,2019
New Orleans Pelicans,New Orleans Pelicans,33.0,111.4,112.6,-1.2,-1.1,103.3,0.529,24.1,12.6,76.8,11.6,2019
Dallas Mavericks,Dallas Mavericks,33.0,109.4,110.7,-1.3,-0.87,99.0,0.519,22.7,12.7,77.5,11.6,2019
Minnesota Timberwolves,Minnesota Timberwolves,36.0,111.4,112.9,-1.5,-1.02,100.2,0.511,24.6,11.4,74.9,12.9,2019
Los Angeles Lakers,Los Angeles Lakers,37.0,107.8,109.5,-1.7,-1.33,103.2,0.527,22.2,13.4,76.4,12.2,2019
Memphis Grizzlies,Memphis Grizzlies,33.0,106.1,108.8,-2.7,-2.08,96.6,0.508,20.0,12.9,77.6,13.9,2019
Washington Wizards,Washington Wizards,32.0,111.1,113.9,-2.8,-3.3,101.4,0.531,21.3,12.3,74.1,13.5,2019
Atlanta Hawks,Atlanta Hawks,29.0,108.1,113.9,-5.8,-6.06,103.9,0.522,24.7,14.3,76.4,12.8,2019
Chicago Bulls,Chicago Bulls,22.0,104.8,113.2,-8.4,-8.32,99.0,0.505,19.4,12.7,77.3,11.9,2019
New York Knicks,New York Knicks,17.0,104.5,113.7,-9.2,-8.93,99.6,0.49,22.1,12.4,76.1,11.7,2019
Phoenix Suns,Phoenix Suns,19.0,105.9,115.1,-9.2,-8.61,100.5,0.514,20.5,13.8,72.5,13.5,2019
Cleveland Cavaliers,Cleveland Cavaliers,19.0,107.7,117.6,-9.9,-9.39,96.6,0.503,23.7,12.2,77.0,11.5,2019
Milwaukee Bucks,Milwaukee Bucks,56.0,112.4,102.9,9.5,9.41,105.1,0.552,20.7,12.9,81.6,12.0,2020
Boston Celtics,Boston Celtics,48.0,113.3,107.0,6.3,5.83,99.5,0.531,23.9,12.2,77.4,13.5,2020
Los Angeles Clippers,Los Angeles Clippers,49.0,113.9,107.6,6.3,6.66,101.5,0.535,23.5,12.6,77.6,12.2,2020
Toronto Raptors,Toronto Raptors,53.0,111.1,105.0,6.1,5.97,100.9,0.536,21.3,13.1,76.7,14.6,2020
Los Angeles Lakers,Los Angeles Lakers,52.0,112.0,106.3,5.7,6.28,100.9,0.542,24.5,13.3,78.8,14.1,2020
Dallas Mavericks,Dallas Mavericks,43.0,116.7,111.7,5.0,4.87,99.3,0.545,23.2,11.2,77.7,10.6,2020
Miami Heat,Miami Heat,44.0,112.5,109.5,3.0,2.59,98.3,0.547,20.3,13.5,79.5,12.6,2020
Houston Rockets,Houston Rockets,44.0,112.9,110.1,2.8,3.13,103.7,0.537,21.0,12.6,75.6,13.7,2020
Utah Jazz,Utah Jazz,44.0,112.3,109.9,2.4,2.52,98.6,0.549,21.6,13.7,78.9,11.1,2020
Philadelphia 76ers,Philadelphia 76ers,43.0,111.3,109.0,2.3,2.25,99.0,0.534,23.9,12.7,80.3,12.5,2020
Denver Nuggets,Denver Nuggets,46.0,113.1,111.0,2.1,2.35,97.1,0.535,24.8,12.3,76.8,12.9,2020
Indiana Pacers,Indiana Pacers,45.0,110.0,108.0,2.0,1.63,98.9,0.534,20.0,12.0,76.7,13.0,2020
Oklahoma City Thunder,Oklahoma City Thunder,44.0,110.8,108.8,2.0,2.33,98.8,0.53,19.3,12.4,76.8,12.6,2020
Phoenix Suns,Phoenix Suns,34.0,111.7,111.4,0.3,0.56,101.3,0.532,22.2,13.0,78.8,13.7,2020
Brooklyn Nets,Brooklyn Nets,35.0,108.9,109.5,-0.6,-1.01,101.4,0.52,23.2,13.1,77.8,11.0,2020
Orlando Magic,Orlando Magic,33.0,108.5,109.5,-1.0,-0.93,98.6,0.506,22.3,11.5,79.1,13.2,2020
San Antonio Spurs,San Antonio Spurs,32.0,112.4,113.5,-1.1,-0.65,100.5,0.531,20.1,11.2,79.2,11.7,2020
Memphis Grizzlies,Memphis Grizzlies,34.0,109.2,110.3,-1.1,-0.91,102.8,0.528,23.0,13.2,77.8,12.7,2020
Portland Trail Blazers,Portland Trail Blazers,35.0,113.7,114.8,-1.1,-0.61,100.7,0.533,22.4,11.2,75.3,11.2,2020
New Orleans Pelicans,New Orleans Pelicans,30.0,110.7,111.9,-1.2,-0.55,103.7,0.539,24.2,13.9,77.8,12.4,2020
Sacramento Kings,Sacramento Kings,31.0,110.2,112.2,-2.0,-1.59,98.9,0.534,21.9,13.0,78.4,13.6,2020
Chicago Bulls,Chicago Bulls,22.0,106.7,109.8,-3.1,-4.0,99.7,0.515,22.8,13.7,75.6,16.3,2020
Detroit Pistons,Detroit Pistons,20.0,109.0,112.7,-3.7,-4.38,97.6,0.529,22.6,13.8,75.9,12.7,2020
Minnesota Timberwolves,Minnesota Timberwolves,19.0,108.1,112.2,-4.1,-4.02,103.4,0.514,22.1,13.0,77.2,13.2,2020
Washington Wizards,Washington Wizards,25.0,110.9,115.5,-4.6,-5.24,102.7,0.523,22.2,12.2,75.3,13.9,2020
New York Knicks,New York Knicks,21.0,106.5,113.0,-6.5,-6.72,98.6,0.501,25.8,12.6,78.3,12.4,2020
Charlotte Hornets,Charlotte Hornets,23.0,106.3,113.3,-7.0,-7.03,95.8,0.504,23.9,13.3,74.4,13.1,2020
Atlanta Hawks,Atlanta Hawks,20.0,107.2,114.8,-7.6,-7.71,103.0,0.515,21.6,13.8,74.9,12.7,2020
Cleveland Cavaliers,Cleveland Cavaliers,19.0,107.5,115.4,-7.9,-7.77,98.7,0.522,24.6,14.6,77.4,11.7,2020
Golden State Warriors,Golden State Warriors,15.0,105.2,113.8,-8.6,-8.12,100.3,0.497,21.5,13.2,76.4,13.7,2020
Utah Jazz,Utah Jazz,52.0,117.6,108.3,9.3,8.97,98.5,0.563,24.5,12.7,79.3,10.3,2021
Los Angeles Clippers,Los Angeles Clippers,47.0,117.6,111.2,6.4,6.02,96.9,0.564,22.7,12.2,79.1,11.9,2021
Phoenix Suns,Phoenix Suns,51.0,117.2,111.3,5.9,5.67,97.2,0.564,20.8,11.5,78.5,12.4,2021
Milwaukee Bucks,Milwaukee Bucks,46.0,117.2,111.4,5.8,5.57,102.2,0.566,23.3,12.0,79.7,11.5,2021
Philadelphia 76ers,Philadelphia 76ers,49.0,113.2,107.6,5.6,5.28,99.5,0.541,23.2,12.8,78.2,13.8,2021
Denver Nuggets,Denver Nuggets,47.0,117.1,112.1,5.0,4.82,97.1,0.557,24.7,12.1,78.9,12.9,2021
Brooklyn Nets,Brooklyn Nets,48.0,118.3,113.8,4.5,4.24,99.5,0.575,21.4,12.2,77.3,11.1,2021
Los Angeles Lakers,Los Angeles Lakers,42.0,109.9,107.1,2.8,2.77,98.7,0.536,22.5,13.6,79.7,13.7,2021
Dallas Mavericks,Dallas Mavericks,42.0,115.4,113.0,2.4,2.26,97.3,0.55,21.1,11.1,77.8,11.5,2021
New York Knicks,New York Knicks,41.0,110.6,108.2,2.4,2.13,95.9,0.524,21.9,11.9,78.6,11.7,2021
Atlanta Hawks,Atlanta Hawks,41.0,115.7,113.3,2.4,2.14,97.6,0.539,24.4,11.9,77.8,11.1,2021
Portland Trail Blazers,Portland Trail Blazers,42.0,117.8,116.0,1.8,1.81,98.4,0.54,23.0,9.9,77.5,11.2,2021
Boston Celtics,Boston Celtics,36.0,114.0,112.5,1.5,1.32,98.3,0.543,24.3,12.5,78.1,12.8,2021
Golden State Warriors,Golden State Warriors,39.0,111.1,110.1,1.0,1.1,102.2,0.551,17.9,13.3,76.6,13.1,2021
Memphis Grizzlies,Memphis Grizzlies,38.0,112.0,111.0,1.0,1.07,100.4,0.528,24.2,11.6,78.3,13.1,2021
Miami Heat,Miami Heat,40.0,111.2,111.2,0.0,-0.06,96.6,0.546,19.4,13.1,77.9,13.8,2021
Indiana Pacers,Indiana Pacers,34.0,112.4,112.4,0.0,-0.13,101.6,0.542,20.2,11.9,74.9,12.7,2021
New Orleans Pelicans,New Orleans Pelicans,31.0,113.5,113.8,-0.3,-0.2,100.1,0.537,26.3,12.7,80.0,11.9,2021
Toronto Raptors,Toronto Raptors,27.0,112.0,112.5,-0.5,-0.54,99.2,0.529,20.8,11.9,76.3,14.4,2021
Chicago Bulls,Chicago Bulls,31.0,111.1,112.0,-0.9,-0.94,99.0,0.547,22.3,13.6,80.3,11.6,2021
San Antonio Spurs,San Antonio Spurs,33.0,111.0,112.8,-1.8,-1.58,98.9,0.517,20.0,10.2,77.3,11.8,2021
Washington Wizards,Washington Wizards,34.0,111.2,113.0,-1.8,-1.85,104.1,0.531,21.3,12.3,77.6,12.5,2021
Charlotte Hornets,Charlotte Hornets,33.0,110.9,112.8,-1.9,-1.94,98.3,0.532,23.5,13.3,75.7,13.2,2021
Sacramento Kings,Sacramento Kings,31.0,113.6,117.2,-3.6,-3.45,100.0,0.549,21.3,12.0,75.0,12.1,2021
Detroit Pistons,Detroit Pistons,20.0,108.0,112.5,-4.5,-4.38,97.9,0.519,21.9,13.5,76.9,12.6,2021
Minnesota Timberwolves,Minnesota Timberwolves,23.0,109.5,115.0,-5.5,-5.25,101.6,0.52,22.7,12.4,76.8,13.3,2021
Houston Rockets,Houston Rockets,17.0,107.1,114.9,-7.8,-7.5,101.4,0.521,19.8,13.0,77.1,12.9,2021
Cleveland Cavaliers,Cleveland Cavaliers,22.0,105.8,114.4,-8.6,-8.19,97.3,0.508,23.6,13.9,76.6,13.0,2021
Orlando Magic,Orlando Magic,21.0,105.1,114.5,-9.4,-9.02,98.7,0.49,21.6,11.5,78.2,11.5,2021
Oklahoma City Thunder,Oklahoma City Thunder,22.0,103.5,114.0,-10.5,-10.13,101.0,0.509,21.2,14.2,77.9,11.5,2021
Boston Celtics,Boston Celtics,51.0,114.4,106.9,7.5,7.02,96.6,0.542,24.0,12.4,77.3,12.5,2022
Phoenix Suns,Phoenix Suns,64.0,114.8,107.3,7.5,6.94,99.8,0.549,22.3,11.6,77.1,13.0,2022
Utah Jazz,Utah Jazz,49.0,116.7,110.5,6.2,5.67,97.1,0.555,25.4,12.7,78.3,10.9,2022
Memphis Grizzlies,Memphis Grizzlies,56.0,114.6,109.0,5.6,5.37,100.3,0.522,30.0,11.2,77.8,13.3,2022
Golden State Warriors,Golden State Warriors,53.0,112.5,106.9,5.6,5.52,98.4,0.552,22.8,13.5,78.7,13.0,2022
Miami Heat,Miami Heat,53.0,113.7,109.1,4.6,4.23,95.9,0.547,23.5,13.4,78.0,13.8,2022
Dallas Mavericks,Dallas Mavericks,52.0,112.8,109.4,3.4,3.12,95.4,0.538,21.3,11.7,78.0,12.2,2022
Milwaukee Bucks,Milwaukee Bucks,51.0,115.1,111.8,3.3,3.22,99.9,0.546,23.0,11.9,78.6,11.6,2022
Philadelphia 76ers,Philadelphia 76ers,51.0,113.5,110.8,2.7,2.57,96.2,0.534,20.1,11.6,76.8,12.1,2022
Minnesota Timberwolves,Minnesota Timberwolves,46.0,114.3,111.7,2.6,2.53,100.9,0.539,24.4,12.4,74.9,14.2,2022
Denver Nuggets,Denver Nuggets,48.0,114.5,112.1,2.4,2.16,97.8,0.556,21.9,13.2,78.3,11.7,2022
Toronto Raptors,Toronto Raptors,48.0,112.9,110.5,2.4,2.38,96.0,0.51,28.4,11.0,75.6,14.4,2022
Cleveland Cavaliers,Cleveland Cavaliers,44.0,111.9,109.7,2.2,2.04,96.1,0.538,24.0,13.2,76.5,12.3,2022
Atlanta Hawks,Atlanta Hawks,43.0,116.5,114.9,1.6,1.55,97.7,0.543,23.0,10.8,76.9,11.5,2022
Brooklyn Nets,Brooklyn Nets,44.0,113.6,112.8,0.8,0.82,99.0,0.54,23.9,12.5,75.1,11.7,2022
Charlotte Hornets,Charlotte Hornets,43.0,114.1,113.7,0.4,0.53,100.0,0.544,23.3,11.6,74.8,13.1,2022
San Antonio Spurs,San Antonio Spurs,34.0,112.4,112.3,0.1,0.02,100.0,0.527,23.7,11.1,75.1,12.1,2022
Los Angeles Clippers,Los Angeles Clippers,42.0,110.1,110.1,0.0,0.09,98.0,0.531,20.6,12.5,74.4,12.0,2022
New York Knicks,New York Knicks,37.0,110.4,110.5,-0.1,-0.01,95.9,0.513,25.1,12.0,78.8,11.7,2022
Chicago Bulls,Chicago Bulls,46.0,113.2,113.6,-0.4,-0.38,98.3,0.541,20.4,11.8,78.3,11.9,2022
New Orleans Pelicans,New Orleans Pelicans,36.0,112.0,113.0,-1.0,-0.84,97.2,0.517,26.9,12.5,78.2,13.0,2022
Los Angeles Lakers,Los Angeles Lakers,33.0,110.3,113.3,-3.0,-3.08,100.1,0.537,21.1,12.8,75.8,12.2,2022
Washington Wizards,Washington Wizards,35.0,111.1,114.5,-3.4,-3.23,97.0,0.532,20.9,12.1,76.9,10.7,2022
Indiana Pacers,Indiana Pacers,25.0,112.6,116.1,-3.5,-3.26,98.0,0.531,25.5,12.7,76.2,11.9,2022
Sacramento Kings,Sacramento Kings,30.0,109.9,115.3,-5.4,-5.26,99.8,0.525,21.3,12.5,76.0,11.9,2022
Detroit Pistons,Detroit Pistons,23.0,106.0,113.8,-7.8,-7.36,98.4,0.494,23.4,12.6,75.6,13.1,2022
Orlando Magic,Orlando Magic,22.0,104.5,112.5,-8.0,-7.67,99.2,0.503,19.8,13.0,77.2,11.7,2022
Oklahoma City Thunder,Oklahoma City Thunder,24.0,104.6,112.8,-8.2,-7.9,98.6,0.497,21.8,12.5,76.1,11.8,2022
Houston Rockets,Houston Rockets,20.0,108.4,116.7,-8.3,-8.26,100.9,0.534,21.7,14.5,74.4,12.3,2022
Portland Trail Blazers,Portland Trail Blazers,27.0,107.8,116.9,-9.1,-8.55,98.3,0.515,22.9,13.0,76.9,12.7,2022
Boston Celtics,Boston Celtics,57.0,118.0,111.5,6.5,6.38,98.5,0.566,22.1,12.0,78.5,11.3,2023
Cleveland Cavaliers,Cleveland Cavaliers,51.0,116.1,110.6,5.5,5.23,95.7,0.556,23.6,12.3,76.3,14.4,2023
Philadelphia 76ers,Philadelphia 76ers,54.0,117.7,113.3,4.4,4.37,96.9,0.563,21.6,12.6,77.2,13.0,2023
Memphis Grizzlies,Memphis Grizzlies,51.0,115.1,111.2,3.9,3.6,101.1,0.54,26.5,11.7,75.9,13.1,2023
Milwaukee Bucks,Milwaukee Bucks,58.0,115.4,111.9,3.5,3.61,100.5,0.555,25.0,12.7,77.8,10.4,2023
Denver Nuggets,Denver Nuggets,53.0,117.6,114.2,3.4,3.04,98.1,0.573,24.8,13.1,76.4,12.2,2023
New York Knicks,New York Knicks,47.0,117.8,114.8,3.0,2.99,97.1,0.541,28.3,11.4,77.1,11.4,2023
Sacramento Kings,Sacramento Kings,48.0,119.4,116.8,2.6,2.3,100.3,0.572,22.7,12.0,77.2,12.6,2023
Phoenix Suns,Phoenix Suns,45.0,115.1,113.0,2.1,2.08,98.2,0.535,26.6,12.0,76.0,12.9,2023
New Orleans Pelicans,New Orleans Pelicans,42.0,114.4,112.5,1.9,1.63,99.1,0.543,24.7,12.9,77.4,13.4,2023
Golden State Warriors,Golden State Warriors,44.0,116.1,114.4,1.7,1.66,101.6,0.571,24.4,14.1,76.0,12.3,2023
Toronto Raptors,Toronto Raptors,41.0,115.5,114.0,1.5,1.59,97.1,0.517,27.8,10.3,76.7,15.3,2023
Chicago Bulls,Chicago Bulls,40.0,113.5,112.2,1.3,1.37,98.5,0.55,20.1,12.2,77.8,13.5,2023
Oklahoma City Thunder,Oklahoma City Thunder,40.0,115.2,114.2,1.0,0.96,101.1,0.531,24.7,11.2,72.9,14.4,2023
Brooklyn Nets,Brooklyn Nets,45.0,115.0,114.1,0.9,1.03,98.3,0.562,19.6,12.7,73.7,12.2,2023
Los Angeles Lakers,Los Angeles Lakers,43.0,114.5,113.9,0.6,0.43,101.3,0.542,22.8,12.3,76.3,10.9,2023
Los Angeles Clippers,Los Angeles Clippers,44.0,115.0,114.5,0.5,0.31,98.0,0.551,22.9,12.8,76.6,11.7,2023
Atlanta Hawks,Atlanta Hawks,41.0,116.6,116.3,0.3,0.32,100.7,0.541,25.1,11.2,75.8,12.4,2023
Dallas Mavericks,Dallas Mavericks,38.0,116.8,116.7,0.1,-0.14,96.6,0.565,18.0,11.4,75.5,11.9,2023
Minnesota Timberwolves,Minnesota Timberwolves,42.0,113.7,113.8,-0.1,-0.22,101.0,0.56,21.5,13.6,74.3,13.3,2023
Miami Heat,Miami Heat,44.0,113.0,113.3,-0.3,-0.13,96.3,0.53,22.8,12.4,77.7,14.5,2023
Utah Jazz,Utah Jazz,37.0,115.8,116.7,-0.9,-1.03,100.5,0.547,26.8,13.3,75.2,10.9,2023
Washington Wizards,Washington Wizards,35.0,114.4,115.6,-1.2,-1.06,98.6,0.55,22.6,12.7,76.1,11.0,2023
Orlando Magic,Orlando Magic,34.0,111.6,114.2,-2.6,-2.39,99.3,0.532,23.8,13.4,77.7,13.1,2023
Indiana Pacers,Indiana Pacers,35.0,114.6,117.7,-3.1,-2.91,101.1,0.545,23.4,13.0,72.2,13.0,2023
Portland Trail Blazers,Portland Trail Blazers,33.0,114.8,118.8,-4.0,-3.96,98.6,0.549,22.4,13.1,74.9,12.1,2023
Charlotte Hornets,Charlotte Hornets,27.0,109.2,115.3,-6.1,-5.89,100.8,0.516,23.8,12.3,75.5,12.5,2023
Houston Rockets,Houston Rockets,22.0,111.4,119.3,-7.9,-7.62,99.0,0.516,30.2,14.0,75.8,11.8,2023
Detroit Pistons,Detroit Pistons,17.0,110.7,118.9,-8.2,-7.73,99.0,0.52,24.9,13.3,74.0,11.9,2023
San Antonio Spurs,San Antonio Spurs,22.0,110.2,120.0,-9.8,-9.82,101.6,0.525,25.6,13.0,74.9,12.0,2023
Boston Celtics,Boston Celtics,64.0,123.2,111.6,11.6,10.75,97.2,0.578,24.9,10.8,76.3,10.8,2024
Oklahoma City Thunder,Oklahoma City Thunder,57.0,119.5,112.1,7.4,7.36,99.8,0.573,21.1,11.4,73.8,13.6,2024
Minnesota Timberwolves,Minnesota Timberwolves,56.0,115.6,109.0,6.6,6.39,97.1,0.559,23.2,13.0,76.9,12.9,2024
Denver Nuggets,Denver Nuggets,57.0,118.5,113.0,5.5,5.23,96.8,0.562,25.5,11.5,75.6,11.2,2024
New York Knicks,New York Knicks,50.0,118.2,113.4,4.8,4.36,95.2,0.54,29.4,11.9,76.1,12.3,2024
New Orleans Pelicans,New Orleans Pelicans,49.0,117.4,112.9,4.5,4.46,97.9,0.558,24.4,11.8,76.9,12.9,2024
Los Angeles Clippers,Los Angeles Clippers,51.0,118.8,115.4,3.4,3.41,97.2,0.561,24.4,12.0,74.8,11.7,2024
Philadelphia 76ers,Philadelphia 76ers,47.0,116.9,113.8,3.1,2.51,97.5,0.532,24.8,10.7,74.3,13.1,2024
Phoenix Suns,Phoenix Suns,49.0,117.6,114.6,3.0,3.08,98.3,0.565,25.0,13.4,75.6,11.3,2024
Indiana Pacers,Indiana Pacers,47.0,121.0,118.0,3.0,2.75,101.7,0.578,23.8,11.3,74.1,12.1,2024
Golden State Warriors,Golden State Warriors,46.0,117.8,115.2,2.6,2.77,99.2,0.557,27.5,12.5,76.1,11.5,2024
Milwaukee Bucks,Milwaukee Bucks,49.0,118.4,115.8,2.6,2.44,99.9,0.568,21.8,11.5,77.2,10.6,2024
Cleveland Cavaliers,Cleveland Cavaliers,48.0,115.2,112.7,2.5,1.98,97.2,0.557,23.2,12.4,76.9,12.3,2024
Dallas Mavericks,Dallas Mavericks,50.0,117.6,115.4,2.2,2.3,100.1,0.562,22.2,11.2,75.2,12.1,2024
Orlando Magic,Orlando Magic,47.0,113.4,111.3,2.1,1.48,96.9,0.541,25.3,13.3,78.1,13.8,2024
Miami Heat,Miami Heat,46.0,114.0,112.2,1.8,1.1,96.2,0.538,21.8,11.7,78.1,12.7,2024
Sacramento Kings,Sacramento Kings,46.0,116.9,115.2,1.7,2.29,98.8,0.556,24.5,11.6,78.4,12.5,2024
Houston Rockets,Houston Rockets,41.0,114.5,113.4,1.1,1.24,99.0,0.529,25.1,11.2,76.0,12.2,2024
Los Angeles Lakers,Los Angeles Lakers,47.0,115.9,115.3,0.6,1.07,100.9,0.566,19.9,12.5,76.2,11.7,2024
Chicago Bulls,Chicago Bulls,39.0,114.9,116.3,-1.4,-1.77,96.3,0.534,25.1,11.0,76.4,12.7,2024
Atlanta Hawks,Atlanta Hawks,36.0,117.2,119.4,-2.2,-2.38,100.1,0.539,27.1,11.6,75.2,12.4,2024
Brooklyn Nets,Brooklyn Nets,32.0,113.2,116.1,-2.9,-3.02,96.9,0.531,25.2,11.8,76.0,11.4,2024
Utah Jazz,Utah Jazz,31.0,115.5,120.4,-4.9,-4.22,99.5,0.539,28.1,13.6,75.2,10.9,2024
San Antonio Spurs,San Antonio Spurs,22.0,110.0,116.4,-6.4,-5.8,101.1,0.532,22.9,13.2,76.4,11.7,2024
Toronto Raptors,Toronto Raptors,25.0,112.3,118.8,-6.5,-6.45,99.4,0.535,24.2,12.4,73.9,12.2,2024
Memphis Grizzlies,Memphis Grizzlies,27.0,107.2,114.3,-7.1,-6.57,98.2,0.509,23.8,13.4,74.8,13.5,2024
Detroit Pistons,Detroit Pistons,14.0,109.7,118.8,-9.1,-9.06,99.8,0.526,23.9,13.5,77.3,11.1,2024
Washington Wizards,Washington Wizards,15.0,110.5,119.6,-9.1,-9.29,102.7,0.538,20.0,12.2,72.5,12.0,2024
Portland Trail Blazers,Portland Trail Blazers,21.0,108.3,117.5,-9.2,-8.29,97.2,0.503,27.5,13.4,74.0,12.8,2024
Charlotte Hornets,Charlotte Hornets,21.0,109.3,119.8,-10.5,-10.12,97.3,0.529,21.1,12.6,74.5,12.3,2024
Oklahoma City Thunder,Oklahoma City Thunder,68.0,120.3,107.5,12.8,12.7,100.0,0.56,24.2,10.3,74.6,14.9,2025
Boston Celtics,Boston Celtics,61.0,120.6,111.1,9.5,8.28,95.7,0.561,25.7,10.8,76.0,11.6,2025
Cleveland Cavaliers,Cleveland Cavaliers,64.0,121.7,112.2,9.5,8.81,99.8,0.578,25.9,11.6,74.8,12.6,2025
Minnesota Timberwolves,Minnesota Timberwolves,49.0,116.6,111.5,5.1,5.15,97.3,0.554,25.8,13.0,75.1,13.2,2025
Los Angeles Clippers,Los Angeles Clippers,50.0,115.1,110.3,4.8,4.84,97.5,0.554,24.4,13.4,77.5,13.7,2025
Memphis Grizzlies,Memphis Grizzlies,48.0,117.7,113.0,4.7,4.79,103.3,0.554,28.7,13.1,74.9,12.9,2025
Houston Rockets,Houston Rockets,52.0,115.3,110.8,4.5,4.97,98.6,0.523,31.7,11.8,76.2,12.8,2025
New York Knicks,New York Knicks,51.0,118.5,114.3,4.2,3.59,96.7,0.556,26.0,11.9,74.5,13.1,2025
Denver Nuggets,Denver Nuggets,50.0,119.9,116.0,3.9,3.97,99.8,0.573,26.7,12.5,74.6,11.3,2025
Golden State Warriors,Golden State Warriors,48.0,115.0,111.7,3.3,3.56,98.7,0.536,27.3,12.3,75.6,14.1,2025
Milwaukee Bucks,Milwaukee Bucks,48.0,115.9,113.4,2.5,2.12,99.3,0.568,19.3,12.2,76.2,11.4,2025
Indiana Pacers,Indiana Pacers,50.0,116.5,114.3,2.2,1.68,99.9,0.562,21.3,11.8,74.5,13.1,2025
Detroit Pistons,Detroit Pistons,44.0,115.0,113.1,1.9,1.73,99.8,0.547,26.2,13.0,76.0,13.3,2025
Los Angeles Lakers,Los Angeles Lakers,50.0,115.9,114.7,1.2,1.45,97.6,0.557,23.3,12.7,74.5,12.2,2025
Miami Heat,Miami Heat,37.0,113.5,112.9,0.6,0.11,96.2,0.544,22.3,12.4,75.8,12.5,2025
Sacramento Kings,Sacramento Kings,40.0,116.7,116.2,0.5,0.58,98.2,0.548,25.4,11.8,76.9,12.5,2025
Orlando Magic,Orlando Magic,41.0,109.4,109.6,-0.2,-0.7,96.1,0.51,25.3,12.9,77.0,15.0,2025
Atlanta Hawks,Atlanta Hawks,40.0,114.6,115.7,-1.1,-1.41,102.6,0.546,26.3,13.2,76.0,13.8,2025
Dallas Mavericks,Dallas Mavericks,39.0,114.8,116.0,-1.2,-0.74,99.2,0.549,23.3,12.5,73.1,11.6,2025
Chicago Bulls,Chicago Bulls,39.0,114.1,115.6,-1.5,-1.83,102.8,0.553,22.3,12.7,76.6,10.8,2025
San Antonio Spurs,San Antonio Spurs,34.0,114.4,117.2,-2.8,-2.45,99.3,0.544,24.3,12.3,73.0,12.0,2025
Portland Trail Blazers,Portland Trail Blazers,36.0,111.7,114.7,-3.0,-2.67,98.8,0.521,29.2,13.8,72.5,13.6,2025
Phoenix Suns,Phoenix Suns,36.0,116.2,119.3,-3.1,-2.55,97.1,0.561,22.6,12.8,74.1,10.9,2025
Toronto Raptors,Toronto Raptors,30.0,110.5,114.8,-4.3,-4.4,99.7,0.522,27.3,13.3,73.9,13.2,2025
Philadelphia 76ers,Philadelphia 76ers,24.0,111.9,118.2,-6.3,-6.29,97.4,0.527,23.4,12.3,71.8,14.3,2025
Brooklyn Nets,Brooklyn Nets,26.0,108.5,115.8,-7.3,-6.95,96.4,0.516,24.5,13.7,75.0,13.7,2025
Utah Jazz,Utah Jazz,17.0,111.2,120.4,-9.2,-8.51,100.0,0.533,26.9,14.9,74.1,10.3,2025
Charlotte Hornets,Charlotte Hornets,19.0,107.3,116.6,-9.3,-9.1,97.6,0.503,26.5,13.7,74.5,11.9,2025
New Orleans Pelicans,New Orleans Pelicans,21.0,110.4,119.9,-9.5,-8.59,99.1,0.519,26.3,12.8,72.7,12.3,2025
Washington Wizards,Washington Wizards,18.0,106.8,119.1,-12.3,-12.14,100.9,0.512,22.7,13.6,71.9,11.4,2025
